-- MySQL dump 10.13  Distrib 8.3.0, for macos14.2 (arm64)
--
-- Host: localhost    Database: Magic_fan_made
-- ------------------------------------------------------
-- Server version	8.3.0

/*!40101 SET @OLD_CHARACTER_SET_CLIENT=@@CHARACTER_SET_CLIENT */;
/*!40101 SET @OLD_CHARACTER_SET_RESULTS=@@CHARACTER_SET_RESULTS */;
/*!40101 SET @OLD_COLLATION_CONNECTION=@@COLLATION_CONNECTION */;
/*!50503 SET NAMES utf8mb4 */;
/*!40103 SET @OLD_TIME_ZONE=@@TIME_ZONE */;
/*!40103 SET TIME_ZONE='+00:00' */;
/*!40014 SET @OLD_UNIQUE_CHECKS=@@UNIQUE_CHECKS, UNIQUE_CHECKS=0 */;
/*!40014 SET @OLD_FOREIGN_KEY_CHECKS=@@FOREIGN_KEY_CHECKS, FOREIGN_KEY_CHECKS=0 */;
/*!40101 SET @OLD_SQL_MODE=@@SQL_MODE, SQL_MODE='NO_AUTO_VALUE_ON_ZERO' */;
/*!40111 SET @OLD_SQL_NOTES=@@SQL_NOTES, SQL_NOTES=0 */;

--
-- Table structure for table `cards`
--

DROP TABLE IF EXISTS `cards`;
/*!40101 SET @saved_cs_client     = @@character_set_client */;
/*!50503 SET character_set_client = utf8mb4 */;
CREATE TABLE `cards` (
  `id` int NOT NULL AUTO_INCREMENT,
  `name` varchar(255) DEFAULT NULL,
  `relative_url` varchar(255) DEFAULT NULL,
  `rarity` varchar(255) DEFAULT NULL,
  `type_card` varchar(255) DEFAULT NULL,
  `color` varchar(255) DEFAULT NULL,
  PRIMARY KEY (`id`)
) ENGINE=InnoDB AUTO_INCREMENT=176 DEFAULT CHARSET=utf8mb4 COLLATE=utf8mb4_0900_ai_ci;
/*!40101 SET character_set_client = @saved_cs_client */;

--
-- Dumping data for table `cards`
--

LOCK TABLES `cards` WRITE;
/*!40000 ALTER TABLE `cards` DISABLE KEYS */;
INSERT INTO `cards` VALUES (1,'Verdant Sanctuary','cards/land/Verdant Sanctuary','Rare','land','green'),(2,'Arcane Sanctuary','cards/land/Arcane Sanctuary','Rare','land','black'),(3,'Aetheric Nexus','cards/land/Aetheric Nexus','Rare','land','gold'),(4,'Sanctum of Verdant Growth','cards/land/Sanctum of Verdant Growth','Rare','land','green'),(5,'Nexus of the Eternal Seas','cards/land/Nexus of the Eternal Seas','Rare','land','blue'),(6,'Luminous Glade','cards/land/Luminous Glade','Rare','land','gold'),(7,'Volcanic Fumaroles','cards/land/Volcanic Fumaroles','Rare','land','red'),(8,'Mystic Reflection Pool','cards/land/Mystic Reflection Pool','Rare','land','blue'),(9,'Sanctum of Eternal Flames','cards/land/Sanctum of Eternal Flames','Rare','land','red'),(10,'Elysian Grove','cards/land/Elysian Grove','Rare','land','green'),(11,'Celestial Haven','cards/land/Celestial Haven','Rare','land','gold'),(12,'Arcane Haven','cards/land/Arcane Haven','Rare','land','colorless'),(13,'Mystic Tide','cards/Instant/Mystic Tide','Rare','Instant','blue'),(14,'Veiled Concealment','cards/Instant/Veiled Concealment','Common','Instant','blue'),(15,'Shadowform Surge','cards/Instant/Shadowform Surge','Rare','Instant','black'),(16,'Verdant Growth','cards/Instant/Verdant Growth','Rare','Instant','green'),(17,'Mystical Shift','cards/Instant/Mystical Shift','Common','Instant','blue'),(18,'Mystic Tides','cards/Instant/Mystic Tides','Common','Instant','blue'),(19,'Honorable Protection','cards/Instant/Honorable Protection','Uncommon','Instant','gold'),(20,'Ephemeral Response','cards/Instant/Ephemeral Response','Common','Instant','blue'),(21,'Arcane Inferno','cards/Instant/Arcane Inferno','Mythic Rare','Instant','red'),(22,'Temporal Reversal','cards/Instant/Temporal Reversal','Mythic Rare','Instant','blue'),(23,'Ephemeral Bolt','cards/Instant/Ephemeral Bolt','Uncommon','Instant','red'),(24,'Sacred Reinforcement','cards/Instant/Sacred Reinforcement','Common','Instant','gold'),(25,'Overgrowth Surge','cards/Instant/Overgrowth Surge','Uncommon','Instant','green'),(26,'Shadowstrike','cards/Instant/Shadowstrike','Uncommon','Instant','black'),(27,'Celestial Rebirth','cards/Instant/Celestial Rebirth','Rare','Instant','gold'),(28,'Mystic Reversal','cards/Instant/Mystic Reversal','Rare','Instant','blue'),(29,'Flames of Fury','cards/Instant/Flames of Fury','Rare','Instant','red'),(30,'Astral Resurgence','cards/Instant/Astral Resurgence','Rare','Instant','gold'),(31,'Timeless Intervention','cards/Instant/Timeless Intervention','Rare','Instant','gold'),(32,'Wild Growth','cards/Instant/Wild Growth','Common','Instant','green'),(33,'Temporal Shift','cards/Instant/Temporal Shift','Rare','Instant','blue'),(34,'Arcane Insight','cards/Instant/Arcane Insight','Uncommon','Instant','blue'),(35,'Wild Growth Rush','cards/Instant/Wild Growth Rush','Rare','Instant','green'),(36,'Nature\'s Reprisal','cards/Instant/Nature\'s Reprisal','Common','Instant','green'),(37,'Primal Surge','cards/Instant/Primal Surge','Mythic Rare','Instant','green'),(38,'Celestial Intervention','cards/Instant/Celestial Intervention','Rare','Instant','gold'),(39,'Mystic Evocation','cards/Instant/Mystic Evocation','Uncommon','Instant','blue'),(40,'Resurgence','cards/Instant/Resurgence','Rare','Instant','gold'),(41,'Mystic Rupture','cards/Instant/Mystic Rupture','Rare','Instant','blue'),(42,'Avenging Light','cards/Instant/Avenging Light','Rare','Instant','gold'),(43,'Aquatic Evasion','cards/Instant/Aquatic Evasion','Common','Instant','blue'),(44,'Divine Reprisal','cards/Instant/Divine Reprisal','Uncommon','Instant','gold'),(45,'Mystic Reflection','cards/Instant/Mystic Reflection','Common','Instant','blue'),(46,'Ephemeral Vision','cards/Instant/Ephemeral Vision','Common','Instant','blue'),(47,'Blazing Reversal','cards/Instant/Blazing Reversal','Rare','Instant','red'),(48,'Celestial Convergence','cards/Instant/Celestial Convergence','Mythic Rare','Instant','gold'),(49,'Ethereal Convergence','cards/Instant/Ethereal Convergence','Rare','Instant','blue'),(50,'Mystical Barrier','cards/Instant/Mystical Barrier','Uncommon','Instant','blue'),(51,'Summoner\'s Respite','cards/Instant/Summoner\'s Respite','Rare','Instant','gold'),(52,'Veil of Serenity','cards/Instant/Veil of Serenity','Uncommon','Instant','gold'),(53,'Mystic Evasion','cards/Instant/Mystic Evasion','Uncommon','Instant','blue'),(54,'Shadow Snare','cards/Instant/Shadow Snare','Common','Instant','black'),(55,'Swift Ward','cards/Instant/Swift Ward','Common','Instant','gold'),(56,'Fiery Blast','cards/Instant/Fiery Blast','Common','Instant','red'),(57,'Vengeful Retribution','cards/Instant/Vengeful Retribution','Mythic Rare','Instant','black'),(58,'Mystic Confluence','cards/Instant/Mystic Confluence','Uncommon','Instant','blue'),(59,'Phantasmal Distortion','cards/Instant/Phantasmal Distortion','Rare','Instant','blue'),(60,'Arcane Reflection','cards/Instant/Arcane Reflection','Rare','Instant','blue'),(61,'Arcane Intervention','cards/Instant/Arcane Intervention','Rare','Instant','blue'),(62,'Divine Intervention','cards/Instant/Divine Intervention','Rare','Instant','gold'),(63,'Ethereal Reversal','cards/Instant/Ethereal Reversal','Rare','Instant','blue'),(64,'Ethereal Surge','cards/Instant/Ethereal Surge','Rare','Instant','blue'),(65,'Mystic Convergence','cards/Instant/Mystic Convergence','Rare','Instant','gold'),(66,'Naturalize','cards/Instant/Naturalize','Uncommon','Instant','green'),(67,'Temporal Manipulation','cards/Instant/Temporal Manipulation','Mythic Rare','Instant','blue'),(68,'Mystic Insight','cards/Instant/Mystic Insight','Rare','Instant','blue'),(69,'Mindweave','cards/Instant/Mindweave','Rare','Instant','blue'),(70,'Pyroblast Surge','cards/Instant/Pyroblast Surge','Uncommon','Instant','red'),(71,'Ephemeral Insight','cards/Instant/Ephemeral Insight','Uncommon','Instant','blue'),(72,'Merfolk Wayfinder','cards/creature/Merfolk Wayfinder','Common','creature','blue'),(73,'Night Stalker  ','cards/creature/Night Stalker  ','Common  ','creature','colorless'),(74,'Raging Firekin','cards/creature/Raging Firekin','Uncommon','creature','red'),(75,'Tidal Sprite','cards/creature/Tidal Sprite','Common','creature','blue'),(76,'Sylvan Warden','cards/creature/Sylvan Warden','Rare','creature','green'),(77,'Vorinclex, Apex of Mutation','cards/creature/Vorinclex, Apex of Mutation','Mythic Rare','creature','green'),(78,'Mystic Tidecaller','cards/creature/Mystic Tidecaller','Mythic Rare','creature','blue'),(79,'Thornroot Druid','cards/creature/Thornroot Druid','Uncommon','creature','green'),(80,'Aetherweaver','cards/creature/Aetherweaver','Mythic Rare','creature','blue'),(81,'Thornwood Sentinel','cards/creature/Thornwood Sentinel','Common','creature','green'),(82,'Sunlit Priestess','cards/creature/Sunlit Priestess','Common','creature','gold'),(83,'Thalassian Tidecaller','cards/creature/Thalassian Tidecaller','Rare','creature','blue'),(84,'Voidwisp Harbinger','cards/creature/Voidwisp Harbinger','Rare','creature','blue'),(85,'Harbinger of the Eternal Tides','cards/creature/Harbinger of the Eternal Tides','Rare','creature','blue'),(86,'Nighthaunt Assassin','cards/creature/Nighthaunt Assassin','Rare','creature','black'),(87,'Nyxborn Serpent','cards/creature/Nyxborn Serpent','Uncommon','creature','blue'),(88,'Celestial Skyweaver','cards/creature/Celestial Skyweaver','Rare','creature','gold'),(89,'Verdant Wyrm','cards/creature/Verdant Wyrm','Rare','creature','green'),(90,'Essence Channeler','cards/creature/Essence Channeler','Rare','creature','green'),(91,'Torrent Elemental','cards/creature/Torrent Elemental','Uncommon','creature','blue'),(92,'Thornwood Ranger','cards/creature/Thornwood Ranger','Common','creature','green'),(93,'Elite Squire','cards/creature/Elite Squire','Uncommon','creature','gold'),(94,'Thornwood Guardian','cards/creature/Thornwood Guardian','Rare','creature','green'),(95,'Mistweaver Drake','cards/creature/Mistweaver Drake','Common','creature','blue'),(96,'Pious Courser','cards/creature/Pious Courser','Common','creature','gold'),(97,'Celestial Seraph','cards/creature/Celestial Seraph','Mythic Rare','creature','gold'),(98,'Celestial Herald','cards/creature/Celestial Herald','Mythic Rare','creature','gold'),(99,'Celestial Sentinel','cards/creature/Celestial Sentinel','Rare','creature','gold'),(100,'Flameblade Pyromancer','cards/creature/Flameblade Pyromancer','Uncommon','creature','red'),(101,'Avacyn, Guardian of Hope','cards/creature/Avacyn, Guardian of Hope','Mythic Rare','creature','gold'),(102,'Mistweaver Adept','cards/creature/Mistweaver Adept','Uncommon','creature','blue'),(103,'Chronostrider','cards/creature/Chronostrider','Mythic Rare','creature','green'),(104,'Kothar the Soul Reaper','cards/creature/Kothar the Soul Reaper','Mythic Rare','creature','black'),(105,'Ravaging Ghoul','cards/creature/Ravaging Ghoul','Uncommon','creature','black'),(106,'Oblivion Devourer','cards/creature/Oblivion Devourer','Rare','creature','black'),(107,'Inferno Titan','cards/creature/Inferno Titan','Mythic Rare','creature','red'),(108,'Emberheart Salamander','cards/creature/Emberheart Salamander','Uncommon','creature','red'),(109,'Flame Tinkerer','cards/creature/Flame Tinkerer','Common','creature','red'),(110,'Eternal Phoenix','cards/creature/Eternal Phoenix','Rare','creature','red'),(111,'Blightsteel Colossus','cards/creature/Blightsteel Colossus','Mythic Rare','creature','colorless'),(112,'Mindshaper Sphinx','cards/creature/Mindshaper Sphinx','Rare','creature','blue'),(113,'Shadowtide Leviathan','cards/creature/Shadowtide Leviathan','Mythic Rare','creature','blue'),(114,'Celestial Guardian','cards/creature/Celestial Guardian','Rare','creature','gold'),(115,'Thunderclap Behemoth','cards/creature/Thunderclap Behemoth','Rare','creature','green'),(116,'Elvish Trailblazer','cards/creature/Elvish Trailblazer','Uncommon','creature','green'),(117,'Igni the Pyromancer','cards/creature/Igni the Pyromancer','Rare','creature','red'),(118,'Angelic Protector','cards/creature/Angelic Protector','Uncommon','creature','gold'),(119,'Dreamweaver Archivist','cards/creature/Dreamweaver Archivist','Rare','creature','blue'),(120,'Luminous Guardian','cards/creature/Luminous Guardian','Rare','creature','gold'),(121,'Spectral Harbinger','cards/creature/Spectral Harbinger','Rare','creature','gold'),(122,'Sage of the Ancient Grove','cards/creature/Sage of the Ancient Grove','Rare','creature','green'),(123,'Verdant Genesis','cards/sorcery/Verdant Genesis','Mythic Rare','sorcery','green'),(124,'Eldritch Rebirth','cards/sorcery/Eldritch Rebirth','Rare','sorcery','green'),(125,'Natural Harmony','cards/sorcery/Natural Harmony','Rare','sorcery','green'),(126,'Chaos Unleashed','cards/sorcery/Chaos Unleashed','Rare','sorcery','red'),(127,'Righteous Conviction','cards/sorcery/Righteous Conviction','Uncommon','sorcery','gold'),(128,'Fiery Burst','cards/sorcery/Fiery Burst','Common','sorcery','red'),(129,'Natural Growth','cards/sorcery/Natural Growth','Common','sorcery','green'),(130,'Temporal Distortion','cards/sorcery/Temporal Distortion','Rare','sorcery','blue'),(131,'Torrential Manipulation','cards/sorcery/Torrential Manipulation','Mythic Rare','sorcery','blue'),(132,'Unyielding Resolve','cards/sorcery/Unyielding Resolve','Rare','sorcery','gold'),(133,'Cataclysmic Inferno','cards/sorcery/Cataclysmic Inferno','Mythic Rare','sorcery','red'),(134,'Mystic Reversal','cards/sorcery/Mystic Reversal','Rare','sorcery','blue'),(135,'Flames of Fury','cards/sorcery/Flames of Fury','Uncommon','sorcery','red'),(136,'Celestial Renewal','cards/sorcery/Celestial Renewal','Rare','sorcery','gold'),(137,'Wild Growth','cards/sorcery/Wild Growth','Uncommon','sorcery','green'),(138,'Ephemeral Eruption','cards/sorcery/Ephemeral Eruption','Rare','sorcery','red'),(139,'Rift in Reality','cards/sorcery/Rift in Reality','Rare','sorcery','blue'),(140,'Divine Rebirth','cards/sorcery/Divine Rebirth','Mythic Rare','sorcery','gold'),(141,'Mindful Reflection','cards/sorcery/Mindful Reflection','Uncommon','sorcery','blue'),(142,'Arcane Convergence','cards/sorcery/Arcane Convergence','Rare','sorcery','blue'),(143,'Soul Siphon','cards/sorcery/Soul Siphon','Uncommon','sorcery','black'),(144,'Fleeting Insight','cards/sorcery/Fleeting Insight','Common','sorcery','blue'),(145,'Call of the Ancient Ones','cards/sorcery/Call of the Ancient Ones','Rare','sorcery','black'),(146,'Divine Offering','cards/sorcery/Divine Offering','Common','sorcery','gold'),(147,'Cataclysmic Surge','cards/sorcery/Cataclysmic Surge','Rare','sorcery','red'),(148,'Treasure Hunt','cards/sorcery/Treasure Hunt','Common','sorcery','blue'),(149,'Overgrowth','cards/sorcery/Overgrowth','Rare','sorcery','green'),(150,'Mindful Manipulation','cards/sorcery/Mindful Manipulation','Uncommon','sorcery','blue'),(151,'Chaotic Eruption','cards/sorcery/Chaotic Eruption','Rare','sorcery','red'),(152,'Vampiric Revelry','cards/sorcery/Vampiric Revelry','Rare','sorcery','black'),(153,'Dark Offering','cards/sorcery/Dark Offering','Common','sorcery','black'),(154,'Mind\'s Insight','cards/sorcery/Mind\'s Insight','Rare','sorcery','blue'),(155,'Temporal Flux','cards/sorcery/Temporal Flux','Mythic Rare','sorcery','blue'),(156,'Arcane Torrent','cards/sorcery/Arcane Torrent','Rare','sorcery','blue'),(157,'Angelic Blessing','cards/sorcery/Angelic Blessing','Uncommon','sorcery','gold'),(158,'Call to Unity','cards/sorcery/Call to Unity','Common','sorcery','gold'),(159,'Unleash the Elements','cards/sorcery/Unleash the Elements','Rare','sorcery','green'),(160,'Nature\'s Embrace','cards/sorcery/Nature\'s Embrace','Mythic Rare','sorcery','green'),(161,'Divine Reckoning','cards/sorcery/Divine Reckoning','Rare','sorcery','gold'),(162,'Harvest Blessing','cards/sorcery/Harvest Blessing','Uncommon','sorcery','green'),(163,'Divine Intervention','cards/sorcery/Divine Intervention','Mythic Rare','sorcery','gold'),(164,'Spectral Embrace','cards/sorcery/Spectral Embrace','Rare','sorcery','gold'),(165,'Call of the Tides','cards/sorcery/Call of the Tides','Common','sorcery','blue'),(166,'Naturalize','cards/sorcery/Naturalize','Common','sorcery','green'),(167,'Celestial Purge','cards/sorcery/Celestial Purge','Rare','sorcery','gold'),(168,'Mystic Insight','cards/sorcery/Mystic Insight','Common','sorcery','blue'),(169,'Time Rift Convergence','cards/sorcery/Time Rift Convergence','Mythic Rare','sorcery','blue'),(170,'Demonic Ascendance','cards/sorcery/Demonic Ascendance','Mythic Rare','sorcery','black'),(171,'Forest','cards/land/Forest','Uncommon','land','green'),(172,'Swamp','cards/land/Swamp','Uncommon','land','black'),(173,'Plains','cards/land/Plains','Uncommon','land','gold'),(174,'Island','cards/land/Island','Uncommon','land','blue'),(175,'Mountain','cards/land/Mountain','Uncommon','land','red');
/*!40000 ALTER TABLE `cards` ENABLE KEYS */;
UNLOCK TABLES;

--
-- Table structure for table `decks`
--

DROP TABLE IF EXISTS `decks`;
/*!40101 SET @saved_cs_client     = @@character_set_client */;
/*!50503 SET character_set_client = utf8mb4 */;
CREATE TABLE `decks` (
  `id` int NOT NULL AUTO_INCREMENT,
  `user_id` int DEFAULT NULL,
  `name` varchar(255) DEFAULT NULL,
  `content` varchar(1024) DEFAULT NULL,
  PRIMARY KEY (`id`),
  KEY `user_id` (`user_id`),
  CONSTRAINT `decks_ibfk_1` FOREIGN KEY (`user_id`) REFERENCES `users` (`id`)
) ENGINE=InnoDB AUTO_INCREMENT=44 DEFAULT CHARSET=utf8mb4 COLLATE=utf8mb4_0900_ai_ci;
/*!40101 SET character_set_client = @saved_cs_client */;

--
-- Dumping data for table `decks`
--

LOCK TABLES `decks` WRITE;
/*!40000 ALTER TABLE `decks` DISABLE KEYS */;
INSERT INTO `decks` VALUES (1,3,'ttt','Nyxborn Serpent+Creature+1|Mistweaver Drake+Creature+1|Mistweaver Adept+Creature+1'),(2,3,'tttest','Mystic Tides+Instant+1|Mystic Reflection+Instant+1|Mystic Evasion+Instant+2'),(3,3,'tttest','Mystic Tides+Instant+1|Mystic Reflection+Instant+1|Mystic Evasion+Instant+2|Mindful Manipulation+Sorcery+1|Nyxborn Serpent+Creature+1|Mistweaver Drake+Creature+1'),(4,3,'tttest','Mystic Tides+Instant+1|Mystic Reflection+Instant+1|Mystic Evasion+Instant+2|Mindful Manipulation+Sorcery+1|Nyxborn Serpent+Creature+1|Mistweaver Drake+Creature+1'),(5,3,'test_deck','Nyxborn Serpent+Creature+1|Mistweaver Drake+Creature+1|Mistweaver Adept+Creature+2|Merfolk Wayfinder+Creature+3|Torrent Elemental+Creature+3|Tidal Sprite+Creature+1|Ephemeral Vision+Instant+1|Mystic Tides+Instant+2|Mystic Reflection+Instant+1|Mystic Evasion+Instant+1|Mystic Confluence+Instant+2|Aquatic Evasion+Instant+1|Mindful Manipulation+Sorcery+1|Treasure Hunt+Sorcery+1|Mystic Reversal+Sorcery+1|Fleeting Insight+Sorcery+1									'),(6,3,'test_deck','Nyxborn Serpent+Creature+1|Mistweaver Drake+Creature+1|Mistweaver Adept+Creature+2|Merfolk Wayfinder+Creature+3|Torrent Elemental+Creature+3|Tidal Sprite+Creature+1|Ephemeral Vision+Instant+1|Mystic Tides+Instant+2|Mystic Reflection+Instant+1|Mystic Evasion+Instant+1|Mystic Confluence+Instant+2|Aquatic Evasion+Instant+1|Mindful Manipulation+Sorcery+1|Treasure Hunt+Sorcery+1|Mystic Reversal+Sorcery+1|Fleeting Insight+Sorcery+1'),(9,3,'forest','Mistweaver Adept+Creature+1|Thornwood Ranger+Creature+1|Thornwood Guardian+Creature+1|Thornroot Druid+Creature+1|Sylvan Warden+Creature+1|Thornwood Sentinel+Creature+1|Wild Growth+Instant+1|Overgrowth Surge+Instant+1|Nature\'s Reprisal+Instant+1|Naturalize+Instant+1|Overgrowth+Sorcery+1|Naturalize+Sorcery+1|Natural Growth+Sorcery+1|Harvest Blessing+Sorcery+1'),(10,3,'light','Thornwood Ranger+Creature+1|Thornwood Guardian+Creature+1|Sunlit Priestess+Creature+1|Pious Courser+Creature+1|Elite Squire+Creature+1|Angelic Protector+Creature+1|Swift Ward+Instant+1|Sacred Reinforcement+Instant+1|Honorable Protection+Instant+1|Divine Reprisal+Instant+1|Veil of Serenity+Instant+1'),(11,3,'fire','Flameblade Pyromancer+Creature+1|Flame Tinkerer+Creature+1|Emberheart Salamander+Creature+2|Pyroblast Surge+Instant+1|Flames of Fury+Instant+1|Fiery Blast+Instant+4|Flames of Fury+Sorcery+1|Fiery Burst+Sorcery+2'),(12,3,'dark','Ravaging Ghoul+Creature+1|Shadow Snare+Instant+1|Dark Offering+Sorcery+1|Vampiric Revelry+Sorcery+1|Call of the Ancient Ones+Sorcery+1|Arcane Sanctuary+Land+1'),(13,3,'Caesar','Nyxborn Serpent+Creature+1|Mistweaver Drake+Creature+1|Swift Ward+Instant+1|Sacred Reinforcement+Instant+1'),(14,1,'jjj','Merfolk Wayfinder+Creature+1'),(15,4,'j','Elite Squire+Creature+1|Sunlit Priestess+Creature+1'),(16,2,'123456','Tidal Sprite+Creature+1|Nyxborn Serpent+Creature+1'),(17,5,'land','Forest+Land+7|Island+Land+7|Aetheric Nexus+Land+1|Plains+Land+7|Swamp+Land+7|Mountain+Land+7'),(19,1,'Caesar','Thornwood Sentinel+Creature+2|Thornwood Ranger+Creature+1|Sunlit Priestess+Creature+1'),(20,2,'forest','Thornwood Sentinel+Creature+2|Thornwood Guardian+Creature+1|Thornroot Druid+Creature+1|Elvish Trailblazer+Creature+1|Wild Growth+Instant+1|Overgrowth Surge+Instant+2|Nature\'s Reprisal+Instant+2|Naturalize+Instant+1|Naturalize+Sorcery+1|Harvest Blessing+Sorcery+1'),(21,1,'fire','Flameblade Pyromancer+Creature+1|Flame Tinkerer+Creature+1|Flames of Fury+Instant+1|Fiery Blast+Instant+1|Blazing Reversal+Instant+1|Fiery Burst+Sorcery+1|Thornwood Sentinel+Creature+2|Thornwood Ranger+Creature+2'),(22,6,'sea','Island+Land+6|Merfolk Wayfinder+Creature+2|Mistweaver Adept+Creature+1|Torrent Elemental+Creature+1|Aquatic Evasion+Instant+2|Ephemeral Insight+Instant+1|Ephemeral Response+Instant+1|Ethereal Convergence+Instant+1'),(23,7,'fire','Mountain+Land+7|Emberheart Salamander+Creature+1|Flame Tinkerer+Creature+3|Flameblade Pyromancer+Creature+1|Raging Firekin+Creature+1'),(24,8,'kaka','Flame Tinkerer+Creature+2|Flameblade Pyromancer+Creature+1|Forest+Land+6|Wild Growth+Sorcery+3|Naturalize+Sorcery+1|Natural Growth+Sorcery+1|Thornwood Sentinel+Creature+1|Thornwood Ranger+Creature+2'),(25,10,'Fire_creature','Mountain+Land+8|Emberheart Salamander+Creature+1|Eternal Phoenix+Creature+1|Flame Tinkerer+Creature+1|Flameblade Pyromancer+Creature+1|Igni the Pyromancer+Creature+1|Inferno Titan+Creature+1|Raging Firekin+Creature+1'),(26,11,'Green_creature','Forest+Land+8|Chronostrider+Creature+1|Elvish Trailblazer+Creature+1|Essence Channeler+Creature+1|Sage of the Ancient Grove+Creature+1|Sylvan Warden+Creature+1|Thornroot Druid+Creature+1|Thornwood Guardian+Creature+1|Thornwood Ranger+Creature+1|Thornwood Sentinel+Creature+1|Thunderclap Behemoth+Creature+1|Vorinclex, Apex of Mutation+Creature+1|Verdant Wyrm+Creature+1'),(27,10,'test','Blightsteel Colossus+Creature+1'),(28,10,'fire2','Fiery Blast+Instant+1|Mountain+Land+4|Arcane Inferno+Instant+1|Ephemeral Bolt+Instant+1|Blazing Reversal+Instant+1|Pyroblast Surge+Instant+1|Flames of Fury+Instant+1|Emberheart Salamander+Creature+1|Eternal Phoenix+Creature+1|Flame Tinkerer+Creature+1|Flameblade Pyromancer+Creature+1'),(29,10,'fire3','Mountain+Land+6|Inferno Titan+Creature+1|Arcane Inferno+Instant+1|Ephemeral Bolt+Instant+1|Fiery Blast+Instant+1|Pyroblast Surge+Instant+1|Flames of Fury+Instant+1'),(30,10,'fire5','Mountain+Land+8|Flame Tinkerer+Creature+1|Flameblade Pyromancer+Creature+1|Eternal Phoenix+Creature+1|Raging Firekin+Creature+1|Inferno Titan+Creature+1|Igni the Pyromancer+Creature+1|Emberheart Salamander+Creature+1|Fiery Blast+Instant+1|Ephemeral Bolt+Instant+1|Blazing Reversal+Instant+1|Arcane Inferno+Instant+1|Pyroblast Surge+Instant+1|Flames of Fury+Instant+1'),(31,10,'Fire6','Flameblade Pyromancer+Creature+1|Flame Tinkerer+Creature+1|Mountain+Land+5|Emberheart Salamander+Creature+1|Eternal Phoenix+Creature+1|Arcane Inferno+Instant+1|Ephemeral Bolt+Instant+2|Fiery Blast+Instant+1|Flames of Fury+Instant+1|Pyroblast Surge+Instant+1'),(35,10,'fire_s','Cataclysmic Inferno+Sorcery+1|Cataclysmic Surge+Sorcery+1|Mountain+Land+6|Chaos Unleashed+Sorcery+1|Chaotic Eruption+Sorcery+1|Flames of Fury+Sorcery+1|Fiery Burst+Sorcery+1|Ephemeral Eruption+Sorcery+1|Swamp+Land+3|Flame Tinkerer+Creature+1|Flameblade Pyromancer+Creature+1|Eternal Phoenix+Creature+1|Raging Firekin+Creature+1|Inferno Titan+Creature+1|Igni the Pyromancer+Creature+1|Emberheart Salamander+Creature+1'),(36,10,'water','Harbinger of the Eternal Tides+Creature+1|Dreamweaver Archivist+Creature+1|Mistweaver Adept+Creature+1|Mindshaper Sphinx+Creature+1|Merfolk Wayfinder+Creature+1|Island+Land+6|Fleeting Insight+Sorcery+1|Mystic Insight+Sorcery+1|Arcane Convergence+Sorcery+1|Arcane Torrent+Sorcery+1|Mind\'s Insight+Sorcery+1|Mindful Manipulation+Sorcery+1|Mystic Reversal+Sorcery+1|Rift in Reality+Sorcery+1|Temporal Distortion+Sorcery+1'),(37,10,'water2','Mistweaver Drake+Creature+2|Island+Land+5|Merfolk Wayfinder+Creature+1|Harbinger of the Eternal Tides+Creature+1|Aetherweaver+Creature+1|Dreamweaver Archivist+Creature+1|Mystic Tidecaller+Creature+1|Mistweaver Adept+Creature+1|Mindshaper Sphinx+Creature+1|Tidal Sprite+Creature+1|Thalassian Tidecaller+Creature+1|Shadowtide Leviathan+Creature+1|Voidwisp Harbinger+Creature+1|Torrent Elemental+Creature+1|Nyxborn Serpent+Creature+1'),(38,10,'water3','Shadowtide Leviathan+Creature+1|Island+Land+8|Nyxborn Serpent+Creature+1|Thalassian Tidecaller+Creature+1|Tidal Sprite+Creature+1|Voidwisp Harbinger+Creature+1|Torrent Elemental+Creature+1|Aetherweaver+Creature+1|Dreamweaver Archivist+Creature+1|Harbinger of the Eternal Tides+Creature+1|Merfolk Wayfinder+Creature+1|Mindshaper Sphinx+Creature+1|Mistweaver Adept+Creature+1|Mistweaver Drake+Creature+1|Mystic Tidecaller+Creature+1'),(39,11,'water','Merfolk Wayfinder+Creature+1|Harbinger of the Eternal Tides+Creature+1|Dreamweaver Archivist+Creature+1|Mystic Tidecaller+Creature+1|Island+Land+4|Mistweaver Drake+Creature+1|Mistweaver Adept+Creature+1|Mindshaper Sphinx+Creature+1'),(40,11,'water2','Forest+Land+1|Island+Land+5|Aetherweaver+Creature+1|Harbinger of the Eternal Tides+Creature+1|Merfolk Wayfinder+Creature+1|Mystic Tidecaller+Creature+1|Mistweaver Drake+Creature+1|Mistweaver Adept+Creature+1|Mindshaper Sphinx+Creature+1|Dreamweaver Archivist+Creature+1|Fleeting Insight+Sorcery+1|Mystic Insight+Sorcery+1|Mindful Reflection+Sorcery+1|Mindful Manipulation+Sorcery+1'),(41,10,'gold','Spectral Harbinger+Creature+1|Luminous Guardian+Creature+1|Celestial Skyweaver+Creature+1|Celestial Seraph+Creature+1|Avacyn, Guardian of Hope+Creature+1|Plains+Land+10|Celestial Intervention+Instant+1|Honorable Protection+Instant+1|Divine Reprisal+Instant+1|Celestial Convergence+Instant+1|Avenging Light+Instant+1|Divine Intervention+Instant+1'),(42,11,'forest2','Elvish Trailblazer+Creature+1|Essence Channeler+Creature+1|Sage of the Ancient Grove+Creature+1|Thornwood Ranger+Creature+1|Verdant Growth+Instant+1|Wild Growth Rush+Instant+1|Overgrowth Surge+Instant+1|Natural Growth+Sorcery+1|Verdant Genesis+Sorcery+1|Forest+Land+11'),(43,12,'Agent','Eternal Phoenix+Creature+4|Raging Firekin+Creature+4|Emberheart Salamander+Creature+4|Arcane Inferno+Instant+4|Pyroblast Surge+Instant+4|Fiery Blast+Instant+4|Inferno Titan+Creature+4|Flame Tinkerer+Creature+4|Mountain+Land+24');
/*!40000 ALTER TABLE `decks` ENABLE KEYS */;
UNLOCK TABLES;

--
-- Table structure for table `pack_cards`
--

DROP TABLE IF EXISTS `pack_cards`;
/*!40101 SET @saved_cs_client     = @@character_set_client */;
/*!50503 SET character_set_client = utf8mb4 */;
CREATE TABLE `pack_cards` (
  `pack_id` int DEFAULT NULL,
  `card_id` int DEFAULT NULL,
  KEY `pack_id` (`pack_id`),
  KEY `card_id` (`card_id`),
  CONSTRAINT `pack_cards_ibfk_1` FOREIGN KEY (`pack_id`) REFERENCES `packs` (`id`),
  CONSTRAINT `pack_cards_ibfk_2` FOREIGN KEY (`card_id`) REFERENCES `cards` (`id`)
) ENGINE=InnoDB DEFAULT CHARSET=utf8mb4 COLLATE=utf8mb4_0900_ai_ci;
/*!40101 SET character_set_client = @saved_cs_client */;

--
-- Dumping data for table `pack_cards`
--

LOCK TABLES `pack_cards` WRITE;
/*!40000 ALTER TABLE `pack_cards` DISABLE KEYS */;
INSERT INTO `pack_cards` VALUES (1,1),(1,2),(1,3),(1,4),(1,5),(1,6),(1,7),(1,8),(1,9),(1,10),(1,11),(1,12),(1,13),(1,14),(1,15),(1,16),(1,17),(1,18),(1,19),(1,20),(1,21),(1,22),(1,23),(1,24),(1,25),(1,26),(1,27),(1,28),(1,29),(1,30),(1,31),(1,32),(1,33),(1,34),(1,35),(1,36),(1,37),(1,38),(1,39),(1,40),(1,41),(1,42),(1,43),(1,44),(1,45),(1,46),(1,47),(1,48),(1,49),(1,50),(1,51),(1,52),(1,53),(1,54),(1,55),(1,56),(1,57),(1,58),(1,59),(1,60),(1,61),(1,62),(1,63),(1,64),(1,65),(1,66),(1,67),(1,68),(1,69),(1,70),(1,71),(1,72),(1,73),(1,74),(1,75),(1,76),(1,77),(1,78),(1,79),(1,80),(1,81),(1,82),(1,83),(1,84),(1,85),(1,86),(1,87),(1,88),(1,89),(1,90),(1,91),(1,92),(1,93),(1,94),(1,95),(1,96),(1,97),(1,98),(1,99),(1,100),(1,101),(1,102),(1,103),(1,104),(1,105),(1,106),(1,107),(1,108),(1,109),(1,110),(1,111),(1,112),(1,113),(1,114),(1,115),(1,116),(1,117),(1,118),(1,119),(1,120),(1,121),(1,122),(1,123),(1,124),(1,125),(1,126),(1,127),(1,128),(1,129),(1,130),(1,131),(1,132),(1,133),(1,134),(1,135),(1,136),(1,137),(1,138),(1,139),(1,140),(1,141),(1,142),(1,143),(1,144),(1,145),(1,146),(1,147),(1,148),(1,149),(1,150),(1,151),(1,152),(1,153),(1,154),(1,155),(1,156),(1,157),(1,158),(1,159),(1,160),(1,161),(1,162),(1,163),(1,164),(1,165),(1,166),(1,167),(1,168),(1,169),(1,170),(2,1),(2,2),(2,3),(2,4),(2,5),(2,6),(2,7),(2,8),(2,9),(2,10),(2,11),(2,12),(2,13),(2,14),(2,15),(2,16),(2,17),(2,18),(2,19),(2,20),(2,21),(2,22),(2,23),(2,24),(2,25),(2,26),(2,27),(2,28),(2,29),(2,30),(2,31),(2,32),(2,33),(2,34),(2,35),(2,36),(2,37),(2,38),(2,39),(2,40),(2,41),(2,42),(2,43),(2,44),(2,45),(2,46),(2,47),(2,48),(2,49),(2,50),(2,51),(2,52),(2,53),(2,54),(2,55),(2,56),(2,57),(2,58),(2,59),(2,60),(2,61),(2,62),(2,63),(2,64),(2,65),(2,66),(2,67),(2,68),(2,69),(2,70),(2,71),(2,72),(2,73),(2,74),(2,75),(2,76),(2,77),(2,78),(2,79),(2,80),(2,81),(2,82),(2,83),(2,84),(2,85),(2,86),(2,87),(2,88),(2,89),(2,90),(2,91),(2,92),(2,93),(2,94),(2,95),(2,96),(2,97),(2,98),(2,99),(2,100),(2,101),(2,102),(2,103),(2,104),(2,105),(2,106),(2,107),(2,108),(2,109),(2,110),(2,111),(2,112),(2,113),(2,114),(2,115),(2,116),(2,117),(2,118),(2,119),(2,120),(2,121),(2,122),(2,123),(2,124),(2,125),(2,126),(2,127),(2,128),(2,129),(2,130),(2,131),(2,132),(2,133),(2,134),(2,135),(2,136),(2,137),(2,138),(2,139),(2,140),(2,141),(2,142),(2,143),(2,144),(2,145),(2,146),(2,147),(2,148),(2,149),(2,150),(2,151),(2,152),(2,153),(2,154),(2,155),(2,156),(2,157),(2,158),(2,159),(2,160),(2,161),(2,162),(2,163),(2,164),(2,165),(2,166),(2,167),(2,168),(2,169),(2,170),(3,1),(3,2),(3,3),(3,4),(3,5),(3,6),(3,7),(3,8),(3,9),(3,10),(3,11),(3,12),(3,13),(3,14),(3,15),(3,16),(3,17),(3,18),(3,19),(3,20),(3,21),(3,22),(3,23),(3,24),(3,25),(3,26),(3,27),(3,28),(3,29),(3,30),(3,31),(3,32),(3,33),(3,34),(3,35),(3,36),(3,37),(3,38),(3,39),(3,40),(3,41),(3,42),(3,43),(3,44),(3,45),(3,46),(3,47),(3,48),(3,49),(3,50),(3,51),(3,52),(3,53),(3,54),(3,55),(3,56),(3,57),(3,58),(3,59),(3,60),(3,61),(3,62),(3,63),(3,64),(3,65),(3,66),(3,67),(3,68),(3,69),(3,70),(3,71),(3,72),(3,73),(3,74),(3,75),(3,76),(3,77),(3,78),(3,79),(3,80),(3,81),(3,82),(3,83),(3,84),(3,85),(3,86),(3,87),(3,88),(3,89),(3,90),(3,91),(3,92),(3,93),(3,94),(3,95),(3,96),(3,97),(3,98),(3,99),(3,100),(3,101),(3,102),(3,103),(3,104),(3,105),(3,106),(3,107),(3,108),(3,109),(3,110),(3,111),(3,112),(3,113),(3,114),(3,115),(3,116),(3,117),(3,118),(3,119),(3,120),(3,121),(3,122),(3,123),(3,124),(3,125),(3,126),(3,127),(3,128),(3,129),(3,130),(3,131),(3,132),(3,133),(3,134),(3,135),(3,136),(3,137),(3,138),(3,139),(3,140),(3,141),(3,142),(3,143),(3,144),(3,145),(3,146),(3,147),(3,148),(3,149),(3,150),(3,151),(3,152),(3,153),(3,154),(3,155),(3,156),(3,157),(3,158),(3,159),(3,160),(3,161),(3,162),(3,163),(3,164),(3,165),(3,166),(3,167),(3,168),(3,169),(3,170),(4,7),(4,9),(4,21),(4,23),(4,29),(4,40),(4,47),(4,56),(4,70),(4,74),(4,100),(4,107),(4,108),(4,109),(4,110),(4,117),(4,126),(4,128),(4,133),(4,135),(4,138),(4,147),(4,151),(4,159),(5,1),(5,4),(5,10),(5,16),(5,25),(5,31),(5,32),(5,35),(5,36),(5,37),(5,51),(5,65),(5,66),(5,76),(5,77),(5,79),(5,81),(5,89),(5,90),(5,92),(5,94),(5,103),(5,115),(5,116),(5,122),(5,123),(5,124),(5,125),(5,129),(5,136),(5,137),(5,149),(5,159),(5,160),(5,162),(5,166),(6,5),(6,8),(6,13),(6,14),(6,17),(6,18),(6,20),(6,22),(6,28),(6,33),(6,34),(6,39),(6,41),(6,43),(6,45),(6,46),(6,47),(6,49),(6,50),(6,53),(6,58),(6,59),(6,60),(6,61),(6,63),(6,64),(6,67),(6,68),(6,69),(6,71),(6,72),(6,75),(6,78),(6,80),(6,83),(6,84),(6,85),(6,87),(6,91),(6,95),(6,102),(6,112),(6,113),(6,119),(6,130),(6,131),(6,134),(6,139),(6,141),(6,142),(6,144),(6,148),(6,150),(6,154),(6,155),(6,156),(6,165),(6,168),(6,169),(7,2),(7,15),(7,26),(7,54),(7,57),(7,73),(7,86),(7,104),(7,105),(7,106),(7,126),(7,143),(7,145),(7,152),(7,153),(7,170),(8,3),(8,6),(8,11),(8,19),(8,24),(8,27),(8,30),(8,31),(8,38),(8,40),(8,42),(8,44),(8,48),(8,51),(8,52),(8,55),(8,62),(8,65),(8,82),(8,88),(8,93),(8,96),(8,97),(8,98),(8,99),(8,101),(8,114),(8,118),(8,120),(8,121),(8,127),(8,132),(8,136),(8,140),(8,146),(8,157),(8,158),(8,161),(8,163),(8,164),(8,167);
/*!40000 ALTER TABLE `pack_cards` ENABLE KEYS */;
UNLOCK TABLES;

--
-- Table structure for table `packs`
--

DROP TABLE IF EXISTS `packs`;
/*!40101 SET @saved_cs_client     = @@character_set_client */;
/*!50503 SET character_set_client = utf8mb4 */;
CREATE TABLE `packs` (
  `id` int NOT NULL AUTO_INCREMENT,
  `name` varchar(255) DEFAULT NULL,
  `pack_url` varchar(255) DEFAULT NULL,
  PRIMARY KEY (`id`)
) ENGINE=InnoDB AUTO_INCREMENT=9 DEFAULT CHARSET=utf8mb4 COLLATE=utf8mb4_0900_ai_ci;
/*!40101 SET character_set_client = @saved_cs_client */;

--
-- Dumping data for table `packs`
--

LOCK TABLES `packs` WRITE;
/*!40000 ALTER TABLE `packs` DISABLE KEYS */;
INSERT INTO `packs` VALUES (1,'Original','webpages/image_source/packs/pack_org.jpg'),(2,'Legend','webpages/image_source/packs/pack_legend.png'),(3,'Antiquities','webpages/image_source/packs/pack_antiquities.png'),(4,'Red','webpages/image_source/packs/red.png'),(5,'Green','webpages/image_source/packs/green.png'),(6,'Blue','webpages/image_source/packs/blue.png'),(7,'Black','webpages/image_source/packs/black.png'),(8,'White','webpages/image_source/packs/white.png');
/*!40000 ALTER TABLE `packs` ENABLE KEYS */;
UNLOCK TABLES;

--
-- Table structure for table `player_cards`
--

DROP TABLE IF EXISTS `player_cards`;
/*!40101 SET @saved_cs_client     = @@character_set_client */;
/*!50503 SET character_set_client = utf8mb4 */;
CREATE TABLE `player_cards` (
  `id` int NOT NULL AUTO_INCREMENT,
  `user_id` int DEFAULT NULL,
  `card_id` int DEFAULT NULL,
  `quantity` int DEFAULT NULL,
  PRIMARY KEY (`id`),
  KEY `user_id` (`user_id`),
  KEY `card_id` (`card_id`),
  CONSTRAINT `player_cards_ibfk_1` FOREIGN KEY (`user_id`) REFERENCES `users` (`id`),
  CONSTRAINT `player_cards_ibfk_2` FOREIGN KEY (`card_id`) REFERENCES `cards` (`id`)
) ENGINE=InnoDB AUTO_INCREMENT=1025 DEFAULT CHARSET=utf8mb4 COLLATE=utf8mb4_0900_ai_ci;
/*!40101 SET character_set_client = @saved_cs_client */;

--
-- Dumping data for table `player_cards`
--

LOCK TABLES `player_cards` WRITE;
/*!40000 ALTER TABLE `player_cards` DISABLE KEYS */;
INSERT INTO `player_cards` VALUES (1,1,47,1),(2,1,92,2),(3,1,72,2),(4,1,166,2),(5,1,46,1),(6,1,55,1),(7,1,29,1),(8,1,26,1),(9,1,157,1),(10,1,56,1),(11,1,17,1),(12,1,162,1),(13,1,82,1),(14,1,96,1),(15,1,36,2),(16,1,109,1),(17,1,145,1),(18,1,100,1),(19,1,148,2),(20,1,14,1),(21,1,128,1),(22,1,81,2),(23,1,32,1),(24,1,43,1),(25,1,75,1),(26,1,95,1),(27,1,152,1),(28,1,127,1),(29,1,50,1),(30,1,34,1),(31,1,153,1),(32,2,101,1),(33,2,116,1),(34,2,44,2),(35,2,25,2),(36,2,36,2),(37,2,14,2),(38,2,87,1),(39,2,66,1),(40,2,168,1),(41,2,81,2),(42,2,43,2),(43,2,56,2),(44,2,127,1),(45,2,70,1),(46,2,45,2),(47,2,82,1),(48,2,128,1),(49,2,162,1),(50,2,32,1),(51,2,53,1),(52,2,75,1),(53,2,95,2),(54,2,55,1),(55,2,166,1),(56,2,46,1),(57,2,165,1),(58,2,94,1),(59,2,145,1),(60,2,100,1),(61,2,79,1),(62,2,72,2),(63,2,98,1),(64,2,108,1),(65,3,157,1),(66,3,79,3),(67,3,46,2),(68,3,75,1),(69,3,92,4),(70,3,54,4),(71,3,156,2),(72,3,52,2),(73,3,53,2),(74,3,144,3),(75,3,18,4),(76,3,129,4),(77,3,91,4),(78,3,95,1),(79,3,24,3),(80,3,17,2),(81,3,153,4),(82,3,32,2),(83,3,134,1),(84,3,19,1),(85,3,165,2),(86,3,43,3),(87,3,20,2),(88,3,148,3),(89,3,71,2),(90,3,87,1),(91,3,36,4),(92,3,81,2),(93,3,76,1),(94,3,93,1),(95,3,127,2),(96,3,25,3),(97,3,146,2),(98,3,149,1),(99,3,100,1),(100,3,108,2),(101,3,66,1),(102,3,58,3),(103,3,152,1),(104,3,70,1),(105,3,105,1),(106,3,56,4),(107,3,9,1),(108,3,158,4),(109,3,14,1),(110,3,128,2),(111,3,109,2),(112,3,55,3),(113,3,168,4),(114,3,166,1),(115,3,96,1),(116,3,141,3),(117,3,118,2),(118,3,44,2),(119,3,94,1),(120,3,72,3),(121,3,29,1),(122,3,162,1),(123,3,82,3),(124,3,50,2),(125,3,145,1),(126,3,102,2),(127,3,45,2),(128,3,2,1),(129,3,135,1),(130,3,150,1),(131,4,19,2),(132,4,71,2),(133,4,34,2),(134,4,20,3),(135,4,148,3),(136,4,96,2),(137,4,70,2),(138,4,143,2),(139,4,157,2),(140,4,105,1),(141,4,165,1),(142,4,109,2),(143,4,162,3),(144,4,108,1),(145,4,102,2),(146,4,14,2),(147,4,38,1),(148,4,127,2),(149,4,100,1),(150,4,168,4),(151,4,82,3),(152,4,135,2),(153,4,74,1),(154,4,50,2),(155,4,24,4),(156,4,81,1),(157,4,36,1),(158,4,1,1),(159,4,25,2),(160,4,150,2),(161,4,121,1),(162,4,118,2),(163,4,56,2),(164,4,75,4),(165,4,58,4),(166,4,45,1),(167,4,146,3),(168,4,72,1),(169,4,32,1),(170,4,23,3),(171,4,158,2),(172,4,138,1),(173,4,93,1),(174,4,129,1),(175,4,43,3),(176,4,128,2),(177,4,144,2),(178,4,134,1),(179,4,141,1),(180,4,92,3),(181,4,44,3),(182,4,88,1),(183,4,52,1),(184,4,54,2),(185,4,39,1),(186,4,79,1),(187,4,66,1),(188,4,87,1),(189,4,55,1),(190,4,116,1),(191,5,174,30),(192,5,171,30),(193,5,175,30),(194,5,173,30),(195,5,172,30),(196,5,42,1),(197,5,127,1),(198,5,32,4),(199,5,146,3),(200,5,18,1),(201,5,3,1),(202,5,58,1),(203,5,82,3),(204,5,17,3),(205,5,168,3),(206,5,79,1),(207,5,96,2),(208,5,46,2),(209,5,81,2),(210,5,54,3),(211,5,34,2),(212,5,72,2),(213,5,109,3),(214,5,128,3),(215,5,105,2),(216,5,143,1),(217,5,52,1),(218,5,95,2),(219,5,50,1),(220,5,165,1),(221,5,144,4),(222,5,53,1),(223,5,108,2),(224,5,70,1),(225,5,44,1),(226,5,141,1),(227,5,74,2),(228,5,148,2),(229,5,119,1),(230,5,99,1),(231,5,26,1),(232,5,55,1),(233,5,78,1),(234,5,56,3),(235,5,36,2),(236,5,166,2),(237,5,118,1),(238,5,24,2),(239,5,8,1),(240,5,43,1),(241,5,14,2),(242,5,92,2),(243,5,129,1),(244,5,19,1),(245,5,20,1),(246,5,6,1),(247,5,136,1),(248,5,75,1),(249,5,7,1),(250,5,66,1),(251,5,153,1),(252,5,45,1),(253,6,174,30),(254,6,171,30),(255,6,175,30),(256,6,173,30),(257,6,172,30),(258,6,141,2),(259,6,137,4),(260,6,96,3),(261,6,148,4),(262,6,168,4),(263,6,95,4),(264,6,157,2),(265,6,105,2),(266,6,26,3),(267,6,43,3),(268,6,158,3),(269,6,146,4),(270,6,127,1),(271,6,162,3),(272,6,79,3),(273,6,36,2),(274,6,161,1),(275,6,27,1),(276,6,100,2),(277,6,58,2),(278,6,81,2),(279,6,18,3),(280,6,25,1),(281,6,50,1),(282,6,46,4),(283,6,129,4),(284,6,45,4),(285,6,76,1),(286,6,142,2),(287,6,82,4),(288,6,75,2),(289,6,72,2),(290,6,68,1),(291,6,106,1),(292,6,102,1),(293,6,118,1),(294,6,151,1),(295,6,53,3),(296,6,116,2),(297,6,19,2),(298,6,44,4),(299,6,109,4),(300,6,93,1),(301,6,32,4),(302,6,54,1),(303,6,70,2),(304,6,144,3),(305,6,39,1),(306,6,92,4),(307,6,128,3),(308,6,7,1),(309,6,143,1),(310,6,153,1),(311,6,55,2),(312,6,14,1),(313,6,165,2),(314,6,17,1),(315,6,49,1),(316,6,20,1),(317,6,91,1),(318,6,24,3),(319,6,56,1),(320,6,71,1),(321,7,174,30),(322,7,171,30),(323,7,175,30),(324,7,173,30),(325,7,172,30),(326,7,127,2),(327,7,79,3),(328,7,56,4),(329,7,109,4),(330,7,81,4),(331,7,36,4),(332,7,52,2),(333,7,19,1),(334,7,87,2),(335,7,72,4),(336,7,55,3),(337,7,166,4),(338,7,91,3),(339,7,143,2),(340,7,74,1),(341,7,144,3),(342,7,54,3),(343,7,24,3),(344,7,102,3),(345,7,82,4),(346,7,146,3),(347,7,20,3),(348,7,95,4),(349,7,14,2),(350,7,141,3),(351,7,44,2),(352,7,26,2),(353,7,153,4),(354,7,165,4),(355,7,71,2),(356,7,43,3),(357,7,58,2),(358,7,158,2),(359,7,32,4),(360,7,116,2),(361,7,50,2),(362,7,92,3),(363,7,148,3),(364,7,39,3),(365,7,100,1),(366,7,108,1),(367,7,168,3),(368,7,45,3),(369,7,70,1),(370,7,128,3),(371,7,129,3),(372,7,46,2),(373,7,75,1),(374,7,157,1),(375,7,25,1),(376,7,17,2),(377,7,137,1),(378,7,164,1),(379,7,49,1),(380,7,96,1),(381,7,150,1),(382,7,118,1),(383,8,174,30),(384,8,171,30),(385,8,175,30),(386,8,173,30),(387,8,172,30),(388,8,50,1),(389,8,141,2),(390,8,45,3),(391,8,14,3),(392,8,168,1),(393,8,92,2),(394,8,128,2),(395,8,52,1),(396,8,54,2),(397,8,95,3),(398,8,165,2),(399,8,109,2),(400,8,127,1),(401,8,91,2),(402,8,137,3),(403,8,166,1),(404,8,55,2),(405,8,157,1),(406,8,135,2),(407,8,26,1),(408,8,96,2),(409,8,18,2),(410,8,74,1),(411,8,118,2),(412,8,158,2),(413,8,46,1),(414,8,34,2),(415,8,150,1),(416,8,58,2),(417,8,56,1),(418,8,82,1),(419,8,63,1),(420,8,100,1),(421,8,129,1),(422,8,75,1),(423,8,144,1),(424,8,10,1),(425,8,81,1),(426,8,36,1),(427,9,174,30),(428,9,171,30),(429,9,175,30),(430,9,173,30),(431,9,172,30),(432,9,8,1),(433,9,116,1),(434,9,50,4),(435,9,96,4),(436,9,165,1),(437,9,55,4),(438,9,162,2),(439,9,141,2),(440,9,108,2),(441,9,146,3),(442,9,144,1),(443,9,101,1),(444,9,34,3),(445,9,166,2),(446,9,54,4),(447,9,95,3),(448,9,19,2),(449,9,66,1),(450,9,75,1),(451,9,39,1),(452,9,45,4),(453,9,81,1),(454,9,14,3),(455,9,128,1),(456,9,102,2),(457,9,56,1),(458,9,109,1),(459,9,58,2),(460,9,91,2),(461,9,71,3),(462,9,18,2),(463,9,157,2),(464,9,17,1),(465,9,148,1),(466,9,112,1),(467,9,106,1),(468,9,44,2),(469,9,168,1),(470,9,143,4),(471,9,32,1),(472,9,47,1),(473,9,135,1),(474,9,24,2),(475,9,151,1),(476,9,26,3),(477,9,118,2),(478,9,72,1),(479,9,70,1),(480,9,36,1),(481,9,158,2),(482,9,147,1),(483,9,100,2),(484,9,79,1),(485,9,74,1),(486,9,137,1),(487,9,53,1),(488,9,16,1),(489,9,105,4),(490,9,23,1),(491,9,40,1),(492,9,6,1),(493,9,85,1),(494,9,150,1),(495,9,93,1),(496,9,3,1),(497,9,129,1),(498,9,2,3),(499,9,153,4),(500,10,1,1),(501,10,2,1),(502,10,3,1),(503,10,4,1),(504,10,5,1),(505,10,6,1),(506,10,7,1),(507,10,8,1),(508,10,9,1),(509,10,10,1),(510,10,11,1),(511,10,12,1),(512,10,13,1),(513,10,14,2),(514,10,15,1),(515,10,16,1),(516,10,17,4),(517,10,18,3),(518,10,19,1),(519,10,20,2),(520,10,21,1),(521,10,22,1),(522,10,23,3),(523,10,24,1),(524,10,25,2),(525,10,26,1),(526,10,27,1),(527,10,28,1),(528,10,29,2),(529,10,30,1),(530,10,31,1),(531,10,32,3),(532,10,33,1),(533,10,34,3),(534,10,35,1),(535,10,36,4),(536,10,37,1),(537,10,38,1),(538,10,39,2),(539,10,40,1),(540,10,41,1),(541,10,42,1),(542,10,43,3),(543,10,44,1),(544,10,45,2),(545,10,46,1),(546,10,47,1),(547,10,48,1),(548,10,49,1),(549,10,50,2),(550,10,51,2),(551,10,52,2),(552,10,53,2),(553,10,54,2),(554,10,55,2),(555,10,56,2),(556,10,57,1),(557,10,58,2),(558,10,59,1),(559,10,60,1),(560,10,61,1),(561,10,62,1),(562,10,63,1),(563,10,64,1),(564,10,65,2),(565,10,66,3),(566,10,67,1),(567,10,68,1),(568,10,69,1),(569,10,70,1),(570,10,71,2),(571,10,72,2),(572,10,73,1),(573,10,74,1),(574,10,75,3),(575,10,76,1),(576,10,77,1),(577,10,78,1),(578,10,79,2),(579,10,80,1),(580,10,81,4),(581,10,82,2),(582,10,83,1),(583,10,84,1),(584,10,85,1),(585,10,86,1),(586,10,87,2),(587,10,88,1),(588,10,89,2),(589,10,90,1),(590,10,91,2),(591,10,92,3),(592,10,93,1),(593,10,94,1),(594,10,95,2),(595,10,96,1),(596,10,97,1),(597,10,98,1),(598,10,99,1),(599,10,100,2),(600,10,101,1),(601,10,102,3),(602,10,103,1),(603,10,104,1),(604,10,105,2),(605,10,106,1),(606,10,107,1),(607,10,108,1),(608,10,109,4),(609,10,110,1),(610,10,111,1),(611,10,112,1),(612,10,113,1),(613,10,114,1),(614,10,115,1),(615,10,116,3),(616,10,117,1),(617,10,118,1),(618,10,119,1),(619,10,120,1),(620,10,121,2),(621,10,122,1),(622,10,123,2),(623,10,124,1),(624,10,125,1),(625,10,126,1),(626,10,127,3),(627,10,128,2),(628,10,129,2),(629,10,130,1),(630,10,131,1),(631,10,132,1),(632,10,133,1),(633,10,134,1),(634,10,135,1),(635,10,136,1),(636,10,137,3),(637,10,138,1),(638,10,139,1),(639,10,140,1),(640,10,141,1),(641,10,142,1),(642,10,143,2),(643,10,144,3),(644,10,145,1),(645,10,146,1),(646,10,147,1),(647,10,148,3),(648,10,149,1),(649,10,150,2),(650,10,151,1),(651,10,152,1),(652,10,153,4),(653,10,154,1),(654,10,155,1),(655,10,156,1),(656,10,157,1),(657,10,158,2),(658,10,159,1),(659,10,160,1),(660,10,161,1),(661,10,162,2),(662,10,163,1),(663,10,164,1),(664,10,165,1),(665,10,166,3),(666,10,167,1),(667,10,168,2),(668,10,169,1),(669,10,170,1),(670,10,171,31),(671,10,172,31),(672,10,173,31),(673,10,174,31),(674,10,175,31),(675,11,1,1),(676,11,2,1),(677,11,3,1),(678,11,4,1),(679,11,5,1),(680,11,6,1),(681,11,7,1),(682,11,8,1),(683,11,9,1),(684,11,10,1),(685,11,11,1),(686,11,12,1),(687,11,13,1),(688,11,14,1),(689,11,15,1),(690,11,16,1),(691,11,17,1),(692,11,18,1),(693,11,19,1),(694,11,20,1),(695,11,21,1),(696,11,22,1),(697,11,23,1),(698,11,24,1),(699,11,25,1),(700,11,26,1),(701,11,27,1),(702,11,28,1),(703,11,29,1),(704,11,30,1),(705,11,31,1),(706,11,32,1),(707,11,33,1),(708,11,34,1),(709,11,35,1),(710,11,36,1),(711,11,37,1),(712,11,38,1),(713,11,39,1),(714,11,40,1),(715,11,41,1),(716,11,42,1),(717,11,43,1),(718,11,44,1),(719,11,45,1),(720,11,46,1),(721,11,47,1),(722,11,48,1),(723,11,49,1),(724,11,50,1),(725,11,51,1),(726,11,52,1),(727,11,53,1),(728,11,54,1),(729,11,55,1),(730,11,56,1),(731,11,57,1),(732,11,58,1),(733,11,59,1),(734,11,60,1),(735,11,61,1),(736,11,62,1),(737,11,63,1),(738,11,64,1),(739,11,65,1),(740,11,66,1),(741,11,67,1),(742,11,68,1),(743,11,69,1),(744,11,70,1),(745,11,71,1),(746,11,72,1),(747,11,73,1),(748,11,74,1),(749,11,75,1),(750,11,76,1),(751,11,77,1),(752,11,78,1),(753,11,79,1),(754,11,80,1),(755,11,81,1),(756,11,82,1),(757,11,83,1),(758,11,84,1),(759,11,85,1),(760,11,86,1),(761,11,87,1),(762,11,88,1),(763,11,89,1),(764,11,90,1),(765,11,91,1),(766,11,92,1),(767,11,93,1),(768,11,94,1),(769,11,95,1),(770,11,96,1),(771,11,97,1),(772,11,98,1),(773,11,99,1),(774,11,100,1),(775,11,101,1),(776,11,102,1),(777,11,103,1),(778,11,104,1),(779,11,105,1),(780,11,106,1),(781,11,107,1),(782,11,108,1),(783,11,109,1),(784,11,110,1),(785,11,111,1),(786,11,112,1),(787,11,113,1),(788,11,114,1),(789,11,115,1),(790,11,116,1),(791,11,117,1),(792,11,118,1),(793,11,119,1),(794,11,120,1),(795,11,121,1),(796,11,122,1),(797,11,123,1),(798,11,124,1),(799,11,125,1),(800,11,126,1),(801,11,127,1),(802,11,128,1),(803,11,129,1),(804,11,130,1),(805,11,131,1),(806,11,132,1),(807,11,133,1),(808,11,134,1),(809,11,135,1),(810,11,136,1),(811,11,137,1),(812,11,138,1),(813,11,139,1),(814,11,140,1),(815,11,141,1),(816,11,142,1),(817,11,143,1),(818,11,144,1),(819,11,145,1),(820,11,146,1),(821,11,147,1),(822,11,148,1),(823,11,149,1),(824,11,150,1),(825,11,151,1),(826,11,152,1),(827,11,153,1),(828,11,154,1),(829,11,155,1),(830,11,156,1),(831,11,157,1),(832,11,158,1),(833,11,159,1),(834,11,160,1),(835,11,161,1),(836,11,162,1),(837,11,163,1),(838,11,164,1),(839,11,165,1),(840,11,166,1),(841,11,167,1),(842,11,168,1),(843,11,169,1),(844,11,170,1),(845,11,171,31),(846,11,172,31),(847,11,173,31),(848,11,174,31),(849,11,175,31),(850,12,1,4),(851,12,2,4),(852,12,3,4),(853,12,4,4),(854,12,5,4),(855,12,6,4),(856,12,7,4),(857,12,8,4),(858,12,9,4),(859,12,10,4),(860,12,11,4),(861,12,12,4),(862,12,13,4),(863,12,14,4),(864,12,15,4),(865,12,16,4),(866,12,17,4),(867,12,18,4),(868,12,19,4),(869,12,20,4),(870,12,21,4),(871,12,22,4),(872,12,23,4),(873,12,24,4),(874,12,25,4),(875,12,26,4),(876,12,27,4),(877,12,28,4),(878,12,29,4),(879,12,30,4),(880,12,31,4),(881,12,32,4),(882,12,33,4),(883,12,34,4),(884,12,35,4),(885,12,36,4),(886,12,37,4),(887,12,38,4),(888,12,39,4),(889,12,40,4),(890,12,41,4),(891,12,42,4),(892,12,43,4),(893,12,44,4),(894,12,45,4),(895,12,46,4),(896,12,47,4),(897,12,48,4),(898,12,49,4),(899,12,50,4),(900,12,51,4),(901,12,52,4),(902,12,53,4),(903,12,54,4),(904,12,55,4),(905,12,56,4),(906,12,57,4),(907,12,58,4),(908,12,59,4),(909,12,60,4),(910,12,61,4),(911,12,62,4),(912,12,63,4),(913,12,64,4),(914,12,65,4),(915,12,66,4),(916,12,67,4),(917,12,68,4),(918,12,69,4),(919,12,70,4),(920,12,71,4),(921,12,72,4),(922,12,73,4),(923,12,74,4),(924,12,75,4),(925,12,76,4),(926,12,77,4),(927,12,78,4),(928,12,79,4),(929,12,80,4),(930,12,81,4),(931,12,82,4),(932,12,83,4),(933,12,84,4),(934,12,85,4),(935,12,86,4),(936,12,87,4),(937,12,88,4),(938,12,89,4),(939,12,90,4),(940,12,91,4),(941,12,92,4),(942,12,93,4),(943,12,94,4),(944,12,95,4),(945,12,96,4),(946,12,97,4),(947,12,98,4),(948,12,99,4),(949,12,100,4),(950,12,101,4),(951,12,102,4),(952,12,103,4),(953,12,104,4),(954,12,105,4),(955,12,106,4),(956,12,107,4),(957,12,108,4),(958,12,109,4),(959,12,110,4),(960,12,111,4),(961,12,112,4),(962,12,113,4),(963,12,114,4),(964,12,115,4),(965,12,116,4),(966,12,117,4),(967,12,118,4),(968,12,119,4),(969,12,120,4),(970,12,121,4),(971,12,122,4),(972,12,123,4),(973,12,124,4),(974,12,125,4),(975,12,126,4),(976,12,127,4),(977,12,128,4),(978,12,129,4),(979,12,130,4),(980,12,131,4),(981,12,132,4),(982,12,133,4),(983,12,134,4),(984,12,135,4),(985,12,136,4),(986,12,137,4),(987,12,138,4),(988,12,139,4),(989,12,140,4),(990,12,141,4),(991,12,142,4),(992,12,143,4),(993,12,144,4),(994,12,145,4),(995,12,146,4),(996,12,147,4),(997,12,148,4),(998,12,149,4),(999,12,150,4),(1000,12,151,4),(1001,12,152,4),(1002,12,153,4),(1003,12,154,4),(1004,12,155,4),(1005,12,156,4),(1006,12,157,4),(1007,12,158,4),(1008,12,159,4),(1009,12,160,4),(1010,12,161,4),(1011,12,162,4),(1012,12,163,4),(1013,12,164,4),(1014,12,165,4),(1015,12,166,4),(1016,12,167,4),(1017,12,168,4),(1018,12,169,4),(1019,12,170,4),(1020,12,171,34),(1021,12,172,34),(1022,12,173,34),(1023,12,174,34),(1024,12,175,34);
/*!40000 ALTER TABLE `player_cards` ENABLE KEYS */;
UNLOCK TABLES;

--
-- Table structure for table `player_packs`
--

DROP TABLE IF EXISTS `player_packs`;
/*!40101 SET @saved_cs_client     = @@character_set_client */;
/*!50503 SET character_set_client = utf8mb4 */;
CREATE TABLE `player_packs` (
  `id` int NOT NULL AUTO_INCREMENT,
  `user_id` int DEFAULT NULL,
  `pack_id` int DEFAULT NULL,
  `quantity` int DEFAULT NULL,
  PRIMARY KEY (`id`),
  KEY `user_id` (`user_id`),
  KEY `pack_id` (`pack_id`),
  CONSTRAINT `player_packs_ibfk_1` FOREIGN KEY (`user_id`) REFERENCES `users` (`id`),
  CONSTRAINT `player_packs_ibfk_2` FOREIGN KEY (`pack_id`) REFERENCES `packs` (`id`)
) ENGINE=InnoDB AUTO_INCREMENT=65 DEFAULT CHARSET=utf8mb4 COLLATE=utf8mb4_0900_ai_ci;
/*!40101 SET character_set_client = @saved_cs_client */;

--
-- Dumping data for table `player_packs`
--

LOCK TABLES `player_packs` WRITE;
/*!40000 ALTER TABLE `player_packs` DISABLE KEYS */;
INSERT INTO `player_packs` VALUES (13,4,1,4),(14,4,5,1),(15,4,6,1),(17,5,1,8),(29,8,1,13),(30,8,5,1),(33,9,1,20),(34,9,5,10),(35,9,6,10),(36,9,7,2),(37,9,8,10),(38,9,4,10),(41,10,1,16),(42,10,5,7),(43,10,6,8),(44,10,7,9),(45,10,8,10),(46,10,4,10),(47,10,3,7),(48,10,2,7),(49,11,1,20),(50,11,5,10),(51,11,6,10),(52,11,7,10),(53,11,8,10),(54,11,4,10),(55,11,3,10),(56,11,2,10),(57,12,1,20),(58,12,5,10),(59,12,6,10),(60,12,7,10),(61,12,8,10),(62,12,4,10),(63,12,3,10),(64,12,2,10);
/*!40000 ALTER TABLE `player_packs` ENABLE KEYS */;
UNLOCK TABLES;

--
-- Table structure for table `users`
--

DROP TABLE IF EXISTS `users`;
/*!40101 SET @saved_cs_client     = @@character_set_client */;
/*!50503 SET character_set_client = utf8mb4 */;
CREATE TABLE `users` (
  `id` int NOT NULL AUTO_INCREMENT,
  `username` varchar(255) DEFAULT NULL,
  `password_hash` varchar(255) DEFAULT NULL,
  `virtual_currency` int DEFAULT NULL,
  PRIMARY KEY (`id`)
) ENGINE=InnoDB AUTO_INCREMENT=13 DEFAULT CHARSET=utf8mb4 COLLATE=utf8mb4_0900_ai_ci;
/*!40101 SET character_set_client = @saved_cs_client */;

--
-- Dumping data for table `users`
--

LOCK TABLES `users` WRITE;
/*!40000 ALTER TABLE `users` DISABLE KEYS */;
INSERT INTO `users` VALUES (1,'t','$2b$12$qB4kVyENZ/OTvMl9aCLTKucLYsI0wzHeYw9cI/ANIdwB8HEfeFKay',0),(2,'tt','$2b$12$iCQ6fGfnRnoEm33X8EyM4eGJF9g6TZ09.SUwrhjuSv9HwSR3xm3gO',0),(3,'ttt','$2b$12$AFItq7zN.OYZfpkciZ7rYeJNorGMsEKXESoI/era8D3igNDk4jekm',35),(4,'tttt','$2b$12$PQlR8K8Br3DAp6Jjk5Xm/e/NdyWs439pGdrtvNYx9pSnMugzwcR6e',0),(5,'t2','$2b$12$ptC3vDK/sme0KcOEEytpH.ck6U2RtINXNmck/80A0WA8fJwcSYXqO',15),(6,'tg1','$2b$12$kxzg1Se6yEtFszrvDN45ve0liVbvudGqPB49dySQF7xDmvTIEfC3a',30),(7,'tg2','$2b$12$w7UAdTtafxAphQyDk6yU.u1DQqHhu3R7xTwhqMwC4/VHMqAyF/8PG',25),(8,'tg3','$2b$12$tvvw/FkQ4XZsKmLx/qdijuz6v9mMAyXtZiBth/stxq4EFYTyCB4kO',0),(9,'tg4','$2b$12$y8XTaZ8fzPS7MCdp6/fwdOMJ7ZgvSk0OU0MovErDriVtkGji5JY7q',210),(10,'tg5','$2b$12$PRmXE5YImoPum7WbO3AlcOCxOtlbkbfxdurN3Thx6hIDbbuUJ5LSm',30),(11,'tg6','$2b$12$spW5ZvkeaqIlXelHJT0nUOFto1QK5GJ4T5l5H3.1dE7/RVejtq8ty',0),(12,'tg7','$2b$12$7j2fmizLnjERzgUIqXRAeePhIeiG0ERhFnUSvNQQA6v5cAKNsnfSC',0);
/*!40000 ALTER TABLE `users` ENABLE KEYS */;
UNLOCK TABLES;
/*!40103 SET TIME_ZONE=@OLD_TIME_ZONE */;

/*!40101 SET SQL_MODE=@OLD_SQL_MODE */;
/*!40014 SET FOREIGN_KEY_CHECKS=@OLD_FOREIGN_KEY_CHECKS */;
/*!40014 SET UNIQUE_CHECKS=@OLD_UNIQUE_CHECKS */;
/*!40101 SET CHARACTER_SET_CLIENT=@OLD_CHARACTER_SET_CLIENT */;
/*!40101 SET CHARACTER_SET_RESULTS=@OLD_CHARACTER_SET_RESULTS */;
/*!40101 SET COLLATION_CONNECTION=@OLD_COLLATION_CONNECTION */;
/*!40111 SET SQL_NOTES=@OLD_SQL_NOTES */;

-- Dump completed on 2024-08-13 14:44:17
